Term,Heading,Spintext
skip hire,"{choose your skip | what you can't skip | book your skip today! | struggling for space and want your rubbish gone straight away? book online in 3 easy steps: enter your postcode, choose a skip, and select your delivery/collection dates – you fill it, we collect it. | our sussex skip sizes and prices | public land skip placement | skip sizes | skip size | skip permits and preparation | nationwide skip service}","{this is {because|since|due to the fact that} any skip {placed on|put on} a public highway, or public land, {requires|needs} {a permit|a license|an authorization} from the {local|regional} authorities.|if you require your skip to be {placed on|put on} public land, you {need|require} to let us {know|understand} {beforehand|in advance|ahead of time}.} {any waste {may|might} be {disposed of|dealt with|gotten rid of} in this skip apart from the {exclusions|exemptions} {listed|noted}.|we {also|likewise} {provide|offer|supply} {an useful|a helpful|a beneficial} guide to the {capacity|capability} of each skip, together with {a handy|an useful|a helpful|a convenient} description of the {types of|kinds of} waste that each size can be {loaded|packed|filled} with.} {15-20 bin bags of waste.|if you {wish|want} to {dispose of|deal with|get rid of} {items|products} such as {computer|computer system} {monitors|screens|displays}, {fridges|refrigerators}, fridge-freezers, {tvs|televisions} or {tyres|tires} you can {book|reserve|schedule} {a bulky|a large} waste collection.}"
skip hire,{skip hire regulations | skip hire with biffa | skip hire prices | skip hire & waste management in essex & hertfordshire | staffordshire skip hire | the skip hire process | the solution to all your skip hire/recycling needs | welcome to redditch skip hire | same day local skip hire | why choose rms skip hire | rms skip hire – best skip hire company in london & kent | national skip hire coverage | national skip hire | hungerford skip hire | a comprehensive range of skip hire sizes and capacities | benefits of biffa skip hire: | cheap skip hire with hassle free booking!},"{what makes us {unique|distinct|special} is our desire to offer {efficient|effective} services to clients so, that they can {accomplish|achieve} their work within the {deadlines|due dates}.|we are {always|constantly} {ready|prepared|all set} to go {a step|an action} {further|even more} when it {comes to|concerns|pertains to} {offering|providing|using} {timely|prompt} services to our clients {because|since|due to the fact that} their {satisfaction|complete satisfaction|fulfillment} is our {ultimate|supreme} {goal|objective}.} {why {choose|select|pick} redditch skip hire?|welcome to skiphire uk.} {we {are able to|have the ability to} provide skips of all sizes, in addition to roll on roll offs, roro {lorries|trucks} and roro trucks.|in addition to our {range of|variety of|series of} skip sizes, we can {also|likewise} provide skips of {varying|differing} {designs|styles}.}"
skip hire,{skip hire},"{hss can {provide|offer|supply} {a quick|a fast} quote and supply skips {across|throughout} the uk.|our {range of|variety of|series of} skips can accommodate all waste types {depending on|depending upon} the size of {skip|avoid}.|we {supply|provide} skips from 2 to 40 {yards|lawns|backyards} in length and {also|likewise} {equipment|devices} such as {skip|avoid} cradles, lights, locks, even {waste|squander|lose} {handling|dealing with|managing} services.}"
skip hire,{skips for scrap metal | roro skips | closed skips | plasterboard only skips},"{closed skips are {a secure|a protected|a safe|a safe and secure} waste management and {removal|elimination} {solution|service|option} for domestic and {commercial|industrial|business} {properties|residential or commercial properties|homes}.|closed skips are {available|offered|readily available} in {a range of|a variety of|a series of} sizes, so {get in touch|contact us} today.|closed skips can be sealed when not in {use|usage} to {prevent|avoid} {access|gain access to} and {improve|enhance} {safety|security}.|if you're {disposing of|dealing with|getting rid of} {potentially|possibly} {harmful|hazardous|damaging} or {sensitive|delicate} {materials|products}, closed skips can be {essential|important|vital|necessary}.}"
skip hire,{10 yard skips | 14 yard skips | 16 yard skips | 20 yard skips | 3 - 4 yard skips | 40 yard skips | 6 - 8 yard skips | 12 yard skips},"{if you're {looking for|searching for|trying to find} 10 yard skips in your {local area|area|city}, {get in touch with|contact|connect with} r collard's {team|group} today.|40 yard skips {require|need} {an experienced|a skilled|a knowledgeable} {team|group} like r collard to {safely|securely} {deliver|provide} and {pick up|get}.} {whether you're {completely|totally|entirely} {clearing out|cleaning out} your {home|house} to {make way|give way} for {a refurbishment|a repair}, or you {need|require} to {dispose of|deal with|get rid of} {construction|building|building and construction} waste, 10 yard skips are a popular choice.|if you're {looking to|wanting to|seeking to|aiming to} {clear out|clean out} a single {room|space}, or {deal with|handle} the waste {generated|produced|created} by {a small|a little} {refurbishment|repair} or {renovation|remodelling|restoration}, 3 - 4 yard skips are a popular choice.}"
skip hire near me,{what you can't skip | the rabbit skip range | why rent a skip? | affordable skip hiring | skip sizes | skip licence | call us now on 02082082211 / 01923675677 or order your skip online},"{book your skip online today to {receive|get} {the best|the very best} {deal|offer}.|if the skip can not be sited on {private|personal} land a skip licence {must|should|needs to} be {obtained|acquired|gotten} {before|prior to} we can {site|website} the skip on the highway ('highway' is {classed|classified} as public land such as {roads|roadways} or {grass|turf|lawn|yard} {verges|brinks|edges}).|we're {all about|everything about} {saving|conserving} our {customers|clients|consumers} and {local|regional} {businesses|companies|services|organisations} {time and money|money and time}-- and if you {call to|contact us to} {hire|employ|work with} a skip today, you {may|might} {just|simply} {be able to|have the ability to} get access to our skip lorry {vehicles|cars|automobiles} the {same|exact same|very same} day you {enquire|ask}-- {as well as|in addition to|along with} a quote which will be based {entirely|completely|totally} upon your {needs|requirements} and the {type of|kind of} skip you {wish|want} to {rent|lease}.} {if you {need|require} any {advice|guidance|recommendations|suggestions} on the {type of|kind of} skip sizes to {hire|employ|work with} then please call 01493 668118 or email our trade {office|workplace} and we can {use|utilize} our years of {industry|market} {expertise|proficiency|knowledge|competence|know-how} to {advise|recommend|encourage} you on the {correct|appropriate|right|proper} {capacity|capability} skip for your requirements.|see our skip sizes {section|area} to {work out|exercise} which skip is {best|finest} for your requirements.|we {are able to|have the ability to} {supply|provide} skips in {a number of|a variety of} {different|various} sizes {allowing|enabling|permitting} you to {find|discover} the {right|best|ideal} one for your {job|task}.} {all waste will be pre-treated and recycled.|if you {wish|want} to {dispose of|deal with|get rid of} {items|products} such as {computer|computer system} {monitors|screens|displays}, {fridges|refrigerators}, fridge-freezers, {tvs|televisions} or {tyres|tires} you can {book|reserve|schedule} {a bulky|a large} waste collection.}"
skip hire near me,{same day local skip hire | leading local skip hire | local skip hire near me | local skip hire | local skip hire purley},"{{looking for|searching for|trying to find} skip hire near me?|you can call 02087867000 or book online with us today-- why not {arrange for|schedule} {same|exact same|very same} day skip hire services?} {{need|require} to {know|understand} more about our skip hire prices in purley-kenley-russel?|our {state-of-the-art|cutting edge|advanced|modern} skip hire {website|site} will {search|browse} our {large|big} network of skip {suppliers|providers} {current|present|existing} stock and prices and {instantly|immediately|quickly} present you with {the best|the very best} {price|cost|rate} {available|offered|readily available}
for a skip bin {meeting|conference} your {specific|particular} skip hire requirements.|{searching for|looking for} skip hire prices near me?}"
skip hire near me,"{skips for hire near me in rayleigh, essex | skips hire in kenley – russel hill | delivering skips throughout lancashire}",{please {visit|go to|check out} the {delivery|shipment} areas {section|area} of our {website|site} and {use|utilize} the map to see if we can service your {location|place|area} and {obtain|acquire|get} {a quotation|a quote}.|{we offer|we provide} our {skip|avoid} hire essex service to all areas of essex.}
skip hire near me,{skip hire},"{hss can {provide|offer|supply} {a quick|a fast} quote and supply skips {across|throughout} the uk.|our {range of|variety of|series of} skips can accommodate all waste types {depending on|depending upon} the size of {skip|avoid}.|we {supply|provide} skips from 2 to 40 {yards|lawns|backyards} in length and {also|likewise} {equipment|devices} such as {skip|avoid} cradles, lights, locks, even {waste|squander|lose} {handling|dealing with|managing} services.}"
skip hire near me,{4 yard drop end skip hire | 8 yard skip hire | 6 yard drop end skip hire},"{4 cubic yard drop end {skips|avoids} - if you have {a hefty|a significant|a large|a substantial} {kitchen|kitchen area|cooking area} or {bathroom|restroom} {project|job|task}, then our 4 cubic yard drop end {skip|avoid} is {the thing|the important things} you are {looking for|searching for|trying to find}.|6 cubic yard drop end {skips|avoids} - have you got {a building|a structure} {job|task} {coming up|turning up|showing up}?|8 cubic yard {skips|avoids} - for {larger|bigger} {building|structure} work {jobs|tasks}, an 8 cubic yard drop end {skip|avoid} is {exactly|precisely} {the thing|the important things} you {are after|want|seek}.|a 6 cubic yard drop end {skip|avoid} is the {standard|basic} {builders|contractors|home builders} {skip|avoid}.}"
skip hire near me,{builder skips | skips | plasterboard only skips | our skips are available in two sizes: | mini skips | midi skips | lockable skips | maxi skips},"{the price {starts from|begins with} around ₤ 110.|the price {starts from|begins with} around ₤ 85.|the price {usually|typically|normally|generally} {starts from|begins with} ₤ 60.} {{alternatively|additionally} call 0345 8 506 506 or
email our waste {team|group} to get a competitive quote for your waste collection.|it is {commonly|typically|frequently} {used|utilized} for {disposing of|dealing with|getting rid of} {construction|building|building and construction} waste and heavy {materials|products}.}"
skip hire near me,{12 cubic yard closed skips | 12 cubic yard skips},"{if you are {getting rid of|eliminating} {a lot of|a great deal of} {bulky|large} {materials|products} and waste, then the 12 cubic {yard|lawn|backyard} open skip {is one of|is among} the {largest|biggest} skip sizes that we do.|if you are {looking to|wanting to|seeking to|aiming to} skip a load of recyclable {materials|products} such as wood, cardboard and paper then our 12 cubic {yard|lawn|backyard} closed skip is {perfect|ideal|best} for the {job|task}.}"
skip hire prices,"{builder's skip | builder's plus skip | can i put a skip on my garden? | midi skip | all skip sizes | what are the benefits of using a skip hiring service? | what can i put in a skip | what can’t i put in a skip | what happens to the waste in my skip? | affordable skip hiring | what is the most common skip size in the uk? | what kind of materials can be put in a a skip | what you can't skip | why rent a skip? | can i put a skip on my road? | struggling for space and want your rubbish gone straight away? book online in 3 easy steps: enter your postcode, choose a skip, and select your delivery/collection dates – you fill it, we collect it. | choosing the best skip size | cost of different sized skips | order for the skip | our extensive range of skip sizes extends to over 600 containers in the following sizes: | know your required skip size. | plasterboard only skips | restricted items – what can’t you put in a skip? | same day skip delivery | siting the skip | size of the skip you need | how much does a skip permit cost? | how much does a builder’s skip cost? | how long can you keep a skip? | how long can you keep a skip for? | skip operators licence | half builder's skip | skip weight limits | london skip permit rates | general skip restrictions | filling a skip | mini skip}","{below are our skip sizes and approximate measurements.|when filling your skip you can {only|just} {load|pack|fill} it level with the top of the skip itself.|the most {obvious|apparent} {advice|guidance|recommendations|suggestions} we can {give|provide|offer} is that you {need|require} to {establish|develop} {exactly|precisely} how {big|huge} a skip you {need|require}.|{a builders|a contractors|a home builders} skip-- a popular name for a 6 {yard|lawn|backyard} skip-- can cost anywhere from ₤ 150 to ₤ 300 {depending on|depending upon} where you {are in|remain in} the uk.|in the uk, you {could|might} even be {arrested|apprehended|detained|jailed} and criminally prosecuted for {dumping|disposing|discarding} these {materials|products} in a skip.|from ₤ 150(inc {vat|barrel}) the 8-yard skip is the most popular within the {construction|building|building and construction} {industry|market}, {but|however} if you have {lots of|great deals of} light {items|products} that {take up|use up} {a lot of|a great deal of} {space|area}, a 10 or 12 {yard|lawn|backyard} {may|might} be {more suitable|better|preferable}.|from ₤ 120(inc {vat|barrel}) are you in the market for {a particular|a specific} size of skip for your {home|house} clearance or {construction|building|building and construction} {project|job|task}?|{likewise|also|similarly}, {using|utilizing} boards around the side of the skip in {an attempt|an effort} to increase its {capacity|capability} is {illegal|unlawful|prohibited}.} {do you {need|require} your {perfect|ideal|best} skip {delivered|provided} by a skip hire service in sidcup that can do it within hours of your {request|demand}?|{check with|consult|talk to|contact} your {chosen|selected|picked} skip hire {company|business}; they {may|might} have {additional|extra} {restricted|limited} {items|products} you can not {place|put|position} in a skip.|the {average|typical} skip hire time in the uk is 2 weeks.|when you {want to|wish to} hire a skip at {a reasonable|a sensible|an affordable} {price|cost|rate}, you {first|initially} {need|require} to {figure out|determine|find out} what size skip you would {need|require} for the {items|products} you {need|require} to {dispose|get rid of} off.} {if you are {looking for|searching for|trying to find} a skip hire service that can {offer|provide|use} you {the best|the very best} skip hire prices, our {comparison|contrast} page can {help|assist} compare prices of {different|various} skip hire services in the uk.|please note: the prices {below|listed below} are a guide of our skip hire, and prices {may|might} {vary|differ}.|we {always|constantly} {strive|aim|make every effort} to {offer|provide|use} {the best|the very best} priced skip hire prices, or hire rates, when {hiring|employing|working with} a skip in the uk.} {the most {common|typical} skip sizes are 6 or 8 {yard|lawn|backyard} skips, although sizing {really|truly|actually} {depends on|depends upon} what you {require|need} the skip for.|if you are a skip {company|business} {wishing|wanting} to {place|put|position} skips on the highway then you {must|should|need to} {register|sign up} with us.|it {is against|protests} the law for our {drivers|chauffeurs|motorists} to {carry|bring} skips {loaded|packed|filled} beyond this point on highways.} {to {help|assist} keep the {costs|expenses} low, skip {companies|business} {try|attempt} to recycle {most of|the majority of} the waste.|norris sidcup has all the skip sizes, for any {quantity|amount} of waste, you {could|might} {possibly|potentially|perhaps} {need|require}.} {{therefore|for that reason}, please {check with|consult|talk to|contact} your skip {provider|service provider|company|supplier} and they will {be able to|have the ability to} {advise|recommend|encourage} you of {the best|the very best} skip for the {job|task}.|{furthermore|additionally|moreover|in addition}, in the {instance|circumstances} where you do not have {enough|sufficient|adequate} {space|area} on your {property|residential or commercial property|home} to accommodate the skip such that it will {occupy|inhabit} {a portion|a part} of public {space|area} such as curb, street, {etc|and so on}.|not to {worry|fret|stress}, in this {section|area}, we will {go over|review|discuss} those things that are ""{illegal|unlawful|prohibited}"" skip {items|products}, so to speak, plus {reasons why|reasons|reasons that} these {materials|products} are {deemed|considered} {unfit|unsuited} to be {placed|put|positioned} in a skip and how {best|finest} to {dispose of|deal with|get rid of} them.} {from ₤ 250(inc {vat|barrel}) from ₤ 280(inc {vat|barrel}) you can {place|put|position} a skip on your garden which will negate the {need|requirement} for a permit.|you {might|may} {need|require} a skip permit if the skip will be {kept on|continued|kept} a public {space|area}.} {{builders|contractors|home builders} skips when {full|complete} will {require|need} our {larger|bigger} {lorry|truck} so 10' access is {required|needed}.|please note: the {smaller|smaller sized} skips can/will be {delivered|provided} on our {smaller|smaller sized} {lorry|truck} so a minimum of 7' 7 is {required|needed} for access.} {{general|basic} waste, garden waste and {builders|contractors|home builders} waste are {widely|commonly|extensively} accepted, as are {papers|documents}, metals {furniture|furnishings} and {most|many|a lot of|the majority of} {small|little} electricals.|if you {wish|want} to {dispose of|deal with|get rid of} {items|products} such as {computer|computer system} {monitors|screens|displays}, {fridges|refrigerators}, fridge-freezers, {tvs|televisions} or {tyres|tires} you can {book|reserve|schedule} {a bulky|a large} waste collection.|got {a huge|a big|a substantial} {pile|stack} of {industrial waste|hazardous waste} you are {looking for|searching for|trying to find} {a way|a method} to {dispose of|deal with|get rid of} or recycle?|{alternatively|additionally}, you can call our friendly {team|group} on the number {below|listed below} to discuss your waste management {options|choices|alternatives} and book over the phone.} {your {location|place|area} in sidcup isn't {a problem|an issue}, as we will {deliver|provide} to you on the {same|exact same|very same} day.|{but|however} on the average, it will be {delivered|provided} the next day.}"
skip hire prices,"{what is the cheapest way to hire a skip? | other skip hire pricing factors | which size skip should i hire? | permits – skip hire permit examples | same day local skip hire | same day skip hire delivery service in brentwood | skip hire | skip hire locations in essex | time limits for skip hire | skip hire permit | skips for hire near me in rayleigh, essex | what does the skip hire price include? | skip hire safety | welcome to lathams skip hire | skip hire uk | we have a range of skips for hire in dewsbury | uk skip hire permits | todd skip hire ripon | skip hire price list covering 26 cities across the uk + a quick guide | will i need a permit to hire a skip? | how skip hire works | affordable skip hire in lewes | how long can i hire a skip for? | hire a skip for a day | bob stabler & sons skip hire | how long does it take to hire a skip? | budget skip hire chessington | cheap skip hire rayleigh | hiring skip near me | how much does it cost to rent or hire a skip? | how much is it to hire a skip? | be wary of unlimited time skip hire | how does skip hire work? | can i hire a skip for the weekend? | finding a licensed skip hire company | find an approved skip hire company | additional factors that can affect the skip hire cost & price | large skip hire near me | lkm skip hire guide | a guide to skip hire | local skip hire}","{if you {go over|review|discuss} this, there's {often|frequently|typically} {a small|a little} {fee|charge|cost} of {a few|a couple of} pounds for each {additional|extra} day {but|however} it can still {work out|exercise} {cheaper|less expensive|more affordable} than {unlimited|limitless|unrestricted|endless} time {hires|employs|works with}.|the {standard|basic} hire {period|duration} is {14 days|2 week} {but|however} this can {usually|typically|normally|generally} be extended for {a small|a little} {fee|charge|cost} as long as {appropriate|suitable|proper} {notice|notification} is {given|provided|offered}.|{normal|typical|regular} hire {duration|period} is for 7 ({seven|7}) days {but|however} if {requested|asked for} on order it can be {extended to|encompassed|reached} {14 days|2 week}.|it's {best|finest} to {choose|select|pick} {a firm|a company} that {offers|provides|uses} one to {two|2} week hire.} {still under the ownership and operation of the latham {family|household}, we trade from the {fully|completely|totally} {equipped|geared up} lathams recycling centre in sydenham and cover an 8-mile radius of bromley.|come and {give|provide|offer} njb recycling {a try|a shot}.} {the {same|exact same|very same} size skip would cost 30% more in newcastle, 40% more in bristol and 50% more in london.|{for example|for instance}, a skip {costs|expenses} around 20% more in birmingham than leeds.} {you can {also|likewise} do {some of|a few of} the {tasks|jobs} yourself like {clearing out|cleaning out} your {office|workplace} {by yourself|on your own} or {selling off|selling} some {useful|helpful|beneficial} {items|products} (old garden {furniture|furnishings}, or {perhaps|possibly|maybe} redundant {office|workplace} {equipment|devices}) from your {project|job|task} to {help|assist} you {reduce|decrease|minimize|lower} your skip hiring cost.|the cost of hiring a skip {varies|differs} {widely|commonly|extensively} {depending on|depending upon} your {location|place|area} within the uk.} {we're {committed|dedicated|devoted} to {providing|offering|supplying} a robust service that {takes away|removes|eliminates} the {hassle|inconvenience|trouble} of the skip hire {process|procedure}.|if you have any {further|additional|more} {questions|concerns} that are not {answered|responded to|addressed} here then please {don't|do not} {hesitate|be reluctant|think twice} to {get in touch|contact us} by web chat phone or {email|e-mail} and we can {help|assist} {solve|resolve|fix} your {query|inquiry|question} skip hire can be {easy|simple}, and it {should|ought to|must|needs to} be {easy|simple}-- {but|however} through our 15 years experience this {has|has actually} {proven|shown} to not {always|constantly} {be the case|hold true}!|{we offer|we provide} our skip hire essex service to all {areas|locations} of essex.|we {operate|run} {a fast|a quick|a quickly}, competitive skip hire service.|you {don't|do not} {have to|need to} {contact|get in touch with|call} {multiple|several|numerous} skip hire {suppliers|providers} {individually|separately}, or {use|utilize} other {nationwide|across the country} skip hire {business|company|service|organisation} {sites|websites} that {only|just} have one skip hire {supplier|provider} in your {area|location}.|most skip hire {companies|business} can {arrange|organize|set up} {quick|fast} drop off and pickups for you.|hire a skip-- a rubbish skip, skip bins or skip bags.|hire a skip today!|most {reputable|reliable|trusted|respectable|credible|trustworthy} skip hire {companies|business} have online {booking|reservation} systems making it {easy|simple} to hire a skip.} {we're a friendly, {reliable|dependable|reputable|trustworthy|trusted}, {family|household} run skip hire company covering lewes, east sussex bn7 & bn8.|{and so|therefore} it is of utmost {importance|significance|value} that you {only|just} {work with|deal with} {an approved|an authorized} skip hire company.} {though it {might|may} {seem like|look like|appear like} {a good|a great|an excellent} {idea|concept} to hire a skip from a company that {doesn't|does not} have {time limits|time frame}, it {actually|really|in fact} costs a lot more.|the skip hire cost would {vary|differ} from company to company {and so|therefore} it {is up to|depends on} you to {choose|select|pick} which company {suits|fits|matches} your {budget|budget plan|spending plan}.} {{need|require} skip hire prices near me in chessington or {elsewhere|somewhere else|in other places} in the {region|area}?|a guide to the {various|different|numerous} skip sizes, skip hire prices and {finally|lastly} on what {materials|products} can {go in|enter} your skip.} {here at bob stabler & {sons|children|kids|boys}, we are {proud|happy} to {provide|offer|supply} {reliable|dependable|reputable|trustworthy|trusted} and {affordable|inexpensive|economical|budget-friendly|cost effective|budget friendly} skip hire and waste management services to {customers|clients|consumers} throughout bridlington, scarborough and east yorkshire.|({read more|learn more|find out more} at: http://www.hse.gov.uk/waste/skiphire.htm) we're {a fully|a completely|a totally} independent and family-owned {business|company|service|organisation} {established|developed} in 1942.} {below are {some of|a few of} the other {factors|elements|aspects} that {may|might} {affect|impact} {how much|just how much} you pay to hire a skip: in the uk the most {commonly|typically|frequently} {hired|employed|worked with} skip is an 8 {yard|lawn|backyard} skip {meaning|implying|indicating|suggesting} this will {give|provide|offer} you 8 cubic {yards|lawns|backyards} of {space|area}.|skip hire billericay |
skip hire bishops stortford |
skip hire brentwood |
skip hire chelmsford |
skip hire chigwell |
skip hire danbury |
skip hire epping |
skip hire essex |
skip hire {great|fantastic|terrific|excellent} dunmow |
skip hire harlow |
skip hire loughton |
skip hire ongar |
skip hire romford -
roro container hire essex|book a skip in essex online|{frequently|often|regularly} asked {questions|concerns}|wait and {load|pack|fill} skip hire some skip hire {firms|companies} will {offer|provide|use} {a price|a cost|a rate} for {up to|as much as|approximately} {one or two|a couple of} weeks of hire.} {after all, {firms|companies} {only|just} have {so many|a lot of|many|numerous} skips to {rent out|lease|rent}.|another {reason|factor} for this is that {transporting|transferring|carrying} of overfilled skips are not {allowed|enabled|permitted}, so to {avoid|prevent} this charge, {make sure|ensure|make certain} to {monitor|keep track of|keep an eye on} skip {limitations|restrictions|constraints}.|{cheap|inexpensive|low-cost} skips are {available|offered|readily available} {but|however} you {might|may} {have to|need to} look {harder|more difficult} to {find|discover} them.|we {also|likewise} ask that our skips are not overfilled as this {poses|positions|presents|postures} {a potential|a prospective|a possible} {hazard|risk|danger|threat} to our {staff|personnel}, damage to our {vehicles|cars|automobiles|lorries} due to {excessive|extreme} weight {limits|limitations} and can {impact|affect} our {carriers|providers} licenses.|this {guidance|assistance} is for designers/ {manufacturers|producers|makers}, {buyers|purchasers}, users and {maintenance|upkeep} {staff|personnel} who {work with|deal with} skips and containers {used|utilized} with skip loader and hook loader {vehicles|cars|automobiles|lorries}.} {{likewise|also|similarly}, {also|likewise} {decide|choose} if the skip will be {placed on|put on} a public {road|roadway} as this will require a permit.|{roads|roadways}, {paths|courses} and pavements are all {classed|classified} as highways, if your skip is being {placed on|put on} your {property|residential or commercial property|home} such as your garden, {private|personal} {car park|parking lot|parking area} {space|area} or driveway you will {therefore|for that reason} not require a permit.} {the {price|cost|rate} {includes|consists of} {delivery|shipment}, collection and disposal of waste.|you {should|ought to|must|need to} {also|likewise} {think about|consider|think of} the {type of|kind of} waste that you {wish|want} to {dispose of|deal with|get rid of}.|{rest assured|felt confident} that your waste does not {just|simply} go to {landfill|garbage dump|land fill}!|{however|nevertheless}, as we {mentioned|discussed|pointed out} {earlier|previously}, {be sure|make sure|make certain} that the {firm|company} you {choose|select|pick} has {an environmental|an ecological} {agency|company|firm} license and is {an approved|an authorized} waste {carrier|provider}.} {through {significant|considerable|substantial} {investment|financial investment} in recycling {technologies|innovations} we {are able to|have the ability to} recycle over 85% of wastes {collected|gathered} for re-use.|we self-process all of your waste {using|utilizing} the most {up to|as much as|approximately} date recycling {techniques|methods|strategies}.}"
skip hire prices,{skip hire prices – how much does skip hire cost? | our guide to skip hire prices | construction & domestic skip hire prices in london | london skip hire prices | brentwood skip hire prices | where can i find the cheapest budget local skip hire prices? | what influences skip hire prices or costs},"{skip hire is {great|fantastic|terrific|excellent} {way|method} to clear {unwanted|undesirable} waste, and they are {often|frequently|typically} {one of|among} the most {affordable|inexpensive|economical|budget-friendly|cost effective|budget friendly} {methods|techniques|approaches} to {dispose of|deal with|get rid of} your rubbish.|so, what are the {factors|elements|aspects} to be {considered|thought about} when it {comes to|concerns|pertains to} {skipping|avoiding} hire {prices|costs|rates}?|{use|utilize} this as a guide to skip hire {prices|costs|rates} in the uk.} {the most {common|typical} {factors|elements|aspects} that will {impact on|effect on|influence on} the {cost|expense} of your hire {include|consist of} the size of the skip {required|needed}, the hire {duration|period}, your {location|place|area} within the uk and whether you {require|need} a skip hire {permit|license|authorization}.|there are {a number of|a variety of} {components|elements|parts} that {influence|affect} the {cost|expense} of a skip, and our {cost|expense} guide will run you through our skip hire {prices|costs|rates} in the uk.}"
skip hire prices,{2 yard skips hire rayleigh | 6 yard drop end skip hire | 4 yard drop end skip hire | 8 yard skip hire},"{4 cubic yard drop end skips - if you have {a hefty|a significant|a large|a substantial} {kitchen|kitchen area|cooking area} or {bathroom|restroom} {project|job|task}, then our 4 cubic yard drop end skip is {the thing|the important things} you are {looking for|searching for|trying to find}.|6 cubic yard drop end skips - have you got {a building|a structure} {job|task} {coming up|turning up|showing up}?|8 cubic yard skips - for {larger|bigger} {building|structure} work {jobs|tasks}, an 8 cubic yard drop end skip is {exactly|precisely} {the thing|the important things} you {are after|want|seek}.}"
skip hire prices,{3 cubic yard skip hire | 2 1/2 cubic yard skip hire | the 2 cubic yard mini skip hire: | the 3 cubic yard mini skip hire: | the 4 cubic yard midi skip hire:},"{{also|likewise}, they {are useful|work} as the secondary skip for {separate|different} disposal.|{click here|click on this link} to {find|discover} our more about our 3 cubic {yard|lawn|backyard} skip {hire|employ|work with} service.|this skip is {slightly|somewhat|a little} {larger|bigger} than the previous {two|2}.} {the estimated cost for this size of skip is around 100 pounds.|the estimated cost for this size of skip is around 70 pounds.|the estimated cost for this size of skip is around 90 pounds.} {2 1/2 cubic {yard|lawn|backyard} - the 2 1/2 size skip {we offer|we provide} is {perfect|ideal|best} for those {small|little} garden and {house|home} clearances.|this is {a slightly|a somewhat} {bigger|larger} skip size which is {perfect|ideal|best} for {small|little} {jobs|tasks} like {cleaning up|tidying up} the garden, {home|house} {projects|jobs|tasks}, and disposal of waste that {come from|originate from} {constructing|building} {new|brand-new} {bathrooms|restrooms} or getting {kitchen|kitchen area|cooking area} {renovations|remodellings|restorations} done.}"
skip hire prices,{how do skip prices compare across the country? | brighton skip sizes and prices | skip prices cardiff | skip prices cardiff | caerphilly skips | our skip size prices},"{companies that {retain|keep|maintain} a good online {reputation|credibility|track record} are {most likely|probably|more than likely} doing a good {job|task} at keeping their {customers|clients|consumers} {happy|pleased|delighted}.|{trustworthy|credible|reliable} companies {provide|offer|supply} {reliable|dependable|reputable|trustworthy|trusted} services, so {looking at|taking a look at} {a businesses|a companies|a services|an organisations} online {reviews|evaluations} is a good start.} {the table of skip prices {below|listed below} {shows|programs} {average|typical} prices for {a selection|a choice} of {major|significant} cities.|we {don't|do not} keep our prices {hidden|concealed} so there's no {need|requirement} to {contact|call} us {just|simply} to {find out|discover|learn} {how much|just how much} we charge for {hiring|employing|working with} a skip.}"
skip hire prices,"{12 cubic yard closed skips | the 12 cubic yard skip: | the 15 – 40 cubic yard roll on roll off skip: | the 16 cubic yard skip: | 12 cubic yard skips | the 6 cubic yard skip: | the 8 cubic yard skip: | the 10 cubic yard skip: | the 14 cubic yard skip: | 20 cubic yard roll on roll off skip

                                (with a rear opening door)}","{it can fit around 80 {garbage bags|trash can} and {has|has actually} an estimated cost of around 160 pounds.|it can hold up to 145 {garbage bags|trash can} and {has|has actually} an estimated cost to {hire|employ|work with} of around 220 pounds.} {if you are {looking to|wanting to|seeking to|aiming to} skip a load of recyclable {materials|products} such as wood, cardboard and paper then our 12 cubic {yard|lawn|backyard} closed skip is {perfect|ideal|best} for the {job|task}.|it {also|likewise} {known as|referred to as|called} a roro skip.} {it can be {used|utilized} for {building|developing|constructing} construction waste or garden clearances, or when you have {home|house} {constructions|buildings|building and constructions} and {renovations|remodellings|restorations} that {need|require} to be {cleared out|cleaned out}.|popular for construction work such as {rubble|debris}, garden waste, stones, concrete.}"
