Related Term,Heading,Topic
skip hire near me,"20 cubic yard roll on roll off skip

                                (with a rear opening door)","skip,skips, yard,yards, roll,rolls"
skip hire near me,12 cubic yard closed skips,"skip,skips, yard,yards"
skip hire near me,12 cubic yard skips,"skip,skips, yard,yards"
skip hire near me,roll on roll off skips,"skip,skips, roll,rolls"
skip hire near me,domestic local skip services,"skip,skips, local,locals"
skip hire near me,2 yard skips hire rayleigh,"skip,skips, hire,hires, yard,yards, rayleigh,rayleighs"
skip hire near me,2 1/2 cubic yard skip hire,"skip,skips, hire,hires, yard,yards"
skip hire near me,3 cubic yard skip hire,"skip,skips, hire,hires, yard,yards"
skip hire near me,4 yard drop end skip hire,"skip,skips, hire,hires, yard,yards"
skip hire near me,6 yard drop end skip hire,"skip,skips, hire,hires, yard,yards"
skip hire near me,8 yard skip hire,"skip,skips, hire,hires, yard,yards"
skip hire near me,"skips for hire near me in rayleigh, essex","skip,skips, hire,hires, rayleigh,rayleighs"
skip hire near me,cheap skip hire rayleigh | hiring skip near me,"skip,skips, hire,hires, rayleigh,rayleighs"
skip hire near me,local skip hire near me,"skip,skips, hire,hires, local,locals"
skip hire near me,leading local skip hire,"skip,skips, hire,hires, local,locals"
skip hire near me,hire a local skip in brentford,"skip,skips, hire,hires, local,locals"
skip hire near me,local skip hire,"skip,skips, hire,hires, local,locals"
skip hire near me,construction & domestic skip hire prices in london,"skip,skips, hire,hires"
skip hire near me,skip hire,"skip,skips, hire,hires"
skip hire near me,choosing your skip hire,"skip,skips, hire,hires"
skip hire near me,skip hire comparison tool,"skip,skips, hire,hires"
skip hire near me,skip hire made simple,"skip,skips, hire,hires"
skip hire near me,skip hire prices brentford,"skip,skips, hire,hires"
skip hire near me,skip hire sizes,"skip,skips, hire,hires"
skip hire near me,skip hire sizes & pricing,"skip,skips, hire,hires"
skip hire near me,skip hire uk,"skip,skips, hire,hires"
skip hire near me,affordable skip hire in lewes,"skip,skips, hire,hires"
skip hire near me,uk skip hire permits,"skip,skips, hire,hires"
skip hire near me,leading skip hire company,"skip,skips, hire,hires"
skip hire near me,we have a range of skips for hire in dewsbury,"skip,skips, hire,hires"
skip hire near me,large skip hire near me,"skip,skips, hire,hires"
skip hire near me,welcome to lathams skip hire,"skip,skips, hire,hires"
skip hire near me,welcome to redditch skip hire,"skip,skips, hire,hires"
skip hire near me,why hire a skip?,"skip,skips, hire,hires"
skip hire near me,affordable skip hire services,"skip,skips, hire,hires"
skip hire near me,skips,"skip,skips"
skip hire near me,why rent a skip?,"skip,skips"
skip hire near me,our skip size prices,"skip,skips"
skip hire near me,mini skips,"skip,skips"
skip hire near me,mini skip,"skip,skips"
skip hire near me,midi skips,"skip,skips"
skip hire near me,midi skip,"skip,skips"
skip hire near me,maxi skips,"skip,skips"
skip hire near me,lockable skips,"skip,skips"
skip hire near me,affordable skip hiring,"skip,skips"
skip hire near me,builder skips,"skip,skips"
skip hire near me,builder's plus skip,"skip,skips"
skip hire near me,builder's skip,"skip,skips"
skip hire near me,half builder's skip,"skip,skips"
skip hire near me,roll on roll off,"roll,rolls"
skip hire near me,in need of grab hire?,"hire,hires"
